{
    "TotalCost": 52144.6364914785,
    "TotalGWP": 80503.16030089823,
    "SocialWelfare": 6917377.886423017,
    "use_epsilon": 1,
    "epsilon_value": 80503.16030131643,
    "solve_time": 20.03045916557312
}