{
    "TotalCost": 51517.13985370585,
    "TotalGWP": 25729.53390285719,
    "SocialWelfare": 6742276.202208233,
    "use_epsilon": 1,
    "epsilon_value": 25729.53390292025,
    "solve_time": 20.381932973861694
}