{
    "TotalCost": 50186.35861416208,
    "TotalGWP": 102937.3633011016,
    "SocialWelfare": 6757649.951116528,
    "use_epsilon": 0,
    "epsilon_value": 1000000000000,
    "solve_time": 19.96494698524475
}