{
    "TotalCost": 53803.22520648954,
    "TotalGWP": 26834.38676705608,
    "SocialWelfare": 6915671.140792409,
    "use_epsilon": 1,
    "epsilon_value": 26834.386767105476,
    "solve_time": 19.087353229522705
}