{
    "TotalCost": 51907.95890603228,
    "TotalGWP": 25734.34082517578,
    "SocialWelfare": 6755833.0593299605,
    "use_epsilon": 1,
    "epsilon_value": 25734.3408252754,
    "solve_time": 24.786945104599
}