{
    "TotalCost": 63668.25320362101,
    "TotalGWP": 0.0,
    "SocialWelfare": 6905478.359382684,
    "use_epsilon": 1,
    "epsilon_value": 0,
    "solve_time": 15.659189701080322
}