{
    "TotalCost": 52247.11081411,
    "TotalGWP": 81993.96223376838,
    "SocialWelfare": 7373397.329603338,
    "use_epsilon": 1,
    "epsilon_value": 81993.96223379805,
    "solve_time": 22.10306215286255
}