{
    "TotalCost": 55018.90856311767,
    "TotalGWP": 55881.46313108855,
    "SocialWelfare": 6808809.267447071,
    "use_epsilon": 1,
    "epsilon_value": 55881.46313110455,
    "solve_time": 20.134666681289673
}