{
    "TotalCost": 65503.16278716193,
    "TotalGWP": 0.0,
    "SocialWelfare": 7033886.039326045,
    "use_epsilon": 1,
    "epsilon_value": 0,
    "solve_time": 14.902463436126709
}