{
    "TotalCost": 52247.1108015882,
    "TotalGWP": 81993.96180150258,
    "SocialWelfare": 6884014.472375574,
    "use_epsilon": 1,
    "epsilon_value": 81993.9618015126,
    "solve_time": 20.182432413101196
}