{
    "TotalCost": 52036.17627503224,
    "TotalGWP": 109325.2824020168,
    "SocialWelfare": 6884225.406895545,
    "use_epsilon": 0,
    "epsilon_value": 1000000000000,
    "solve_time": 22.330588817596436
}