{
    "TotalCost": 54795.55582129008,
    "TotalGWP": 27429.54805581469,
    "SocialWelfare": 7112525.487577201,
    "use_epsilon": 1,
    "epsilon_value": 27429.54805584205,
    "solve_time": 23.100609302520752
}