{
    "TotalCost": 53061.42825417115,
    "TotalGWP": 54662.64120093289,
    "SocialWelfare": 6883200.154911343,
    "use_epsilon": 1,
    "epsilon_value": 54662.6412010084,
    "solve_time": 21.84948992729187
}