{
    "TotalCost": 51291.31445249831,
    "TotalGWP": 78233.65129599153,
    "SocialWelfare": 6765016.881455282,
    "use_epsilon": 1,
    "epsilon_value": 78233.65129638165,
    "solve_time": 20.306188821792603
}