{
    "TotalCost": 53073.18875078352,
    "TotalGWP": 26562.95940062674,
    "SocialWelfare": 6817706.675581786,
    "use_epsilon": 1,
    "epsilon_value": 26562.95940062805,
    "solve_time": 24.90773582458496
}