{
    "TotalCost": 55178.98713674878,
    "TotalGWP": 27737.54561904278,
    "SocialWelfare": 6863362.330879611,
    "use_epsilon": 1,
    "epsilon_value": 27737.5456190442,
    "solve_time": 26.916565656661987
}