{
    "TotalCost": 49972.2736680602,
    "TotalGWP": 77188.6017079598,
    "SocialWelfare": 6743856.658785367,
    "use_epsilon": 1,
    "epsilon_value": 77188.60170876075,
    "solve_time": 19.983720541000366
}