{
    "TotalCost": 65503.16261862386,
    "TotalGWP": 0.0,
    "SocialWelfare": 6870758.420422273,
    "use_epsilon": 1,
    "epsilon_value": 0,
    "solve_time": 17.310736179351807
}