{
    "TotalCost": 52908.94307566332,
    "TotalGWP": 53668.77353413928,
    "SocialWelfare": 6916565.422943917,
    "use_epsilon": 1,
    "epsilon_value": 53668.77353421095,
    "solve_time": 20.322685480117798
}