{
    "TotalCost": 50368.71272888586,
    "TotalGWP": 77203.02247522451,
    "SocialWelfare": 6757450.433042942,
    "use_epsilon": 1,
    "epsilon_value": 77203.0224758262,
    "solve_time": 24.54777765274048
}