{
    "TotalCost": 53061.42801800142,
    "TotalGWP": 54662.64148918424,
    "SocialWelfare": 7372583.012398271,
    "use_epsilon": 1,
    "epsilon_value": 54662.6414891987,
    "solve_time": 26.777737140655518
}