{
    "TotalCost": 51050.33656589991,
    "TotalGWP": 51468.68165050324,
    "SocialWelfare": 6756690.681714939,
    "use_epsilon": 1,
    "epsilon_value": 51468.6816505508,
    "solve_time": 25.154661893844604
}