{
    "TotalCost": 52036.17628304946,
    "TotalGWP": 109325.2824177901,
    "SocialWelfare": 7047353.0259676,
    "use_epsilon": 0,
    "epsilon_value": 1000000000000,
    "solve_time": 25.958529472351074
}