{
    "TotalCost": 61576.47399599034,
    "TotalGWP": 0.0,
    "SocialWelfare": 6746308.349046265,
    "use_epsilon": 1,
    "epsilon_value": 0,
    "solve_time": 20.992781400680542
}