{
    "TotalCost": 62555.44652133074,
    "TotalGWP": 0.0,
    "SocialWelfare": 6807765.756143994,
    "use_epsilon": 1,
    "epsilon_value": 0,
    "solve_time": 20.007035493850708
}