{
    "TotalCost": 53972.27110455188,
    "TotalGWP": 27331.32060049598,
    "SocialWelfare": 6882289.312071232,
    "use_epsilon": 1,
    "epsilon_value": 27331.3206005042,
    "solve_time": 22.463554620742798
}