{
    "TotalCost": 53972.27107989261,
    "TotalGWP": 27331.32060444578,
    "SocialWelfare": 7045416.931177697,
    "use_epsilon": 1,
    "epsilon_value": 27331.320604447526,
    "solve_time": 21.96437692642212
}