{
    "TotalCost": 62537.85342746363,
    "TotalGWP": 0.0,
    "SocialWelfare": 6781758.292961136,
    "use_epsilon": 1,
    "epsilon_value": 0,
    "solve_time": 16.64240527153015
}