{
    "TotalCost": 53461.03238738349,
    "TotalGWP": 26670.38965254294,
    "SocialWelfare": 6791120.464622666,
    "use_epsilon": 1,
    "epsilon_value": 26670.389652544975,
    "solve_time": 21.868190050125122
}