{
    "TotalCost": 53091.24468603204,
    "TotalGWP": 82288.64416724199,
    "SocialWelfare": 7114271.869860599,
    "use_epsilon": 1,
    "epsilon_value": 82288.64416752614,
    "solve_time": 22.96122646331787
}