{
    "TotalCost": 53370.87050555924,
    "TotalGWP": 110950.1824761768,
    "SocialWelfare": 6865343.1211921815,
    "use_epsilon": 0,
    "epsilon_value": 1000000000000,
    "solve_time": 18.68455719947815
}