{
    "TotalCost": 52572.21546458012,
    "TotalGWP": 53340.77930508916,
    "SocialWelfare": 6792009.281549748,
    "use_epsilon": 1,
    "epsilon_value": 53340.77930508995,
    "solve_time": 19.71378993988037
}