{
    "TotalCost": 52187.95204493125,
    "TotalGWP": 53125.91880125495,
    "SocialWelfare": 6818591.912287388,
    "use_epsilon": 1,
    "epsilon_value": 53125.9188012561,
    "solve_time": 19.338038444519043
}