{
    "TotalCost": 64869.13451299407,
    "TotalGWP": 0.0,
    "SocialWelfare": 7102054.407834742,
    "use_epsilon": 1,
    "epsilon_value": 0,
    "solve_time": 19.473588705062866
}