{
    "TotalCost": 50659.67812650237,
    "TotalGWP": 51459.06780568857,
    "SocialWelfare": 6743133.663934345,
    "use_epsilon": 1,
    "epsilon_value": 51459.0678058405,
    "solve_time": 18.034260988235474
}