{
    "TotalCost": 61349.9014774371,
    "TotalGWP": 0.0,
    "SocialWelfare": 6732761.923891266,
    "use_epsilon": 1,
    "epsilon_value": 0,
    "solve_time": 16.991552352905273
}