{
    "TotalCost": 53513.14794488708,
    "TotalGWP": 83212.63685700812,
    "SocialWelfare": 6865127.592812076,
    "use_epsilon": 1,
    "epsilon_value": 83212.6368571326,
    "solve_time": 21.60717797279358
}