{
    "TotalCost": 53972.2710732035,
    "TotalGWP": 27331.3207445985,
    "SocialWelfare": 7371672.169345346,
    "use_epsilon": 1,
    "epsilon_value": 27331.32074459935,
    "solve_time": 27.101080894470215
}