{
    "TotalCost": 55950.06083193729,
    "TotalGWP": 27940.73156555134,
    "SocialWelfare": 6807878.11518552,
    "use_epsilon": 1,
    "epsilon_value": 27940.731565552276,
    "solve_time": 18.750423908233643
}