{
    "TotalCost": 62234.7544593897,
    "TotalGWP": 0.0,
    "SocialWelfare": 6754376.3170786295,
    "use_epsilon": 1,
    "epsilon_value": 0,
    "solve_time": 17.101409196853638
}