{
    "TotalCost": 51431.94081599242,
    "TotalGWP": 79688.8782014429,
    "SocialWelfare": 6819382.98822199,
    "use_epsilon": 1,
    "epsilon_value": 79688.87820188414,
    "solve_time": 21.81299376487732
}