{
    "TotalCost": 64034.72237302602,
    "TotalGWP": 0.0,
    "SocialWelfare": 6853700.275521041,
    "use_epsilon": 1,
    "epsilon_value": 0,
    "solve_time": 21.859338998794556
}