{
    "TotalCost": 52247.11080566674,
    "TotalGWP": 81993.96181335211,
    "SocialWelfare": 7047142.091451663,
    "use_epsilon": 1,
    "epsilon_value": 81993.96181334258,
    "solve_time": 18.18971872329712
}