{
    "TotalCost": 63874.35285065237,
    "TotalGWP": 0.0,
    "SocialWelfare": 6798760.616245568,
    "use_epsilon": 1,
    "epsilon_value": 0,
    "solve_time": 15.266220569610596
}