{
    "TotalCost": 51898.37315383858,
    "TotalGWP": 52155.76740757305,
    "SocialWelfare": 6764219.117481756,
    "use_epsilon": 1,
    "epsilon_value": 52155.7675309211,
    "solve_time": 21.515810251235962
}