{
    "TotalCost": 52766.9644152954,
    "TotalGWP": 26077.88376535095,
    "SocialWelfare": 6763350.516146458,
    "use_epsilon": 1,
    "epsilon_value": 26077.88376546055,
    "solve_time": 18.004969358444214
}