{
    "TotalCost": 65503.1603772475,
    "TotalGWP": 0.0,
    "SocialWelfare": 7360141.280007746,
    "use_epsilon": 1,
    "epsilon_value": 0,
    "solve_time": 18.93458104133606
}